LAYER_NAME,TYPE,driver,crs,num_features,geometry,dtype,nodata,width,height
ITU_3DBINA_EPSG4326,vector,ESRI Shapefile,"GEOGCS[""WGS 84"",DATUM[""WGS_1984"",SPHEROID[""WGS 84"",6378137,298.257223563,AUTHORITY[""EPSG"",""7030""]],AUTHORITY[""EPSG"",""6326""]],PRIMEM[""Greenwich"",0,AUTHORITY[""EPSG"",""8901""]],UNIT[""degree"",0.0174532925199433,AUTHORITY[""EPSG"",""9122""]],AXIS[""Latitude"",NORTH],AXIS[""Longitude"",EAST],AUTHORITY[""EPSG"",""4326""]]",338.0,Polygon,,,,
ITU_3DVEGETATION_EPSG4326,vector,ESRI Shapefile,"GEOGCS[""WGS 84"",DATUM[""WGS_1984"",SPHEROID[""WGS 84"",6378137,298.257223563,AUTHORITY[""EPSG"",""7030""]],AUTHORITY[""EPSG"",""6326""]],PRIMEM[""Greenwich"",0,AUTHORITY[""EPSG"",""8901""]],UNIT[""degree"",0.0174532925199433,AUTHORITY[""EPSG"",""9122""]],AXIS[""Latitude"",NORTH],AXIS[""Longitude"",EAST],AUTHORITY[""EPSG"",""4326""]]",81.0,Polygon,,,,
ITU_SINIRDUVAR_EPSG4326,vector,ESRI Shapefile,"GEOGCS[""WGS 84"",DATUM[""WGS_1984"",SPHEROID[""WGS 84"",6378137,298.257223563,AUTHORITY[""EPSG"",""7030""]],AUTHORITY[""EPSG"",""6326""]],PRIMEM[""Greenwich"",0,AUTHORITY[""EPSG"",""8901""]],UNIT[""degree"",0.0174532925199433,AUTHORITY[""EPSG"",""9122""]],AXIS[""Latitude"",NORTH],AXIS[""Longitude"",EAST],AUTHORITY[""EPSG"",""4326""]]",1.0,LineString,,,,
ITU_SUKUTLESI_EPSG4326,vector,ESRI Shapefile,"GEOGCS[""WGS 84"",DATUM[""WGS_1984"",SPHEROID[""WGS 84"",6378137,298.257223563,AUTHORITY[""EPSG"",""7030""]],AUTHORITY[""EPSG"",""6326""]],PRIMEM[""Greenwich"",0,AUTHORITY[""EPSG"",""8901""]],UNIT[""degree"",0.0174532925199433,AUTHORITY[""EPSG"",""9122""]],AXIS[""Latitude"",NORTH],AXIS[""Longitude"",EAST],AUTHORITY[""EPSG"",""4326""]]",4.0,Polygon,,,,
ITU_ULASIMAGI_EPSG4326,vector,ESRI Shapefile,"GEOGCS[""WGS 84"",DATUM[""WGS_1984"",SPHEROID[""WGS 84"",6378137,298.257223563,AUTHORITY[""EPSG"",""7030""]],AUTHORITY[""EPSG"",""6326""]],PRIMEM[""Greenwich"",0,AUTHORITY[""EPSG"",""8901""]],UNIT[""degree"",0.0174532925199433,AUTHORITY[""EPSG"",""9122""]],AXIS[""Latitude"",NORTH],AXIS[""Longitude"",EAST],AUTHORITY[""EPSG"",""4326""]]",322.0,LineString,,,,
ITU_YUKSEKLIK_UTM35NWGS84,raster,AAIGrid,EPSG:32635,,,float32,-9999.0,2665.0,1708.0
